{
  "project_info": {
    "project_number": "224191478860",
    "project_id": "jeva-454ef",
    "storage_bucket": "jeva-454ef.appspot.com"
  },
  "client": [
    {
      "client_info": {
        "mobilesdk_app_id": "1:224191478860:android:d676fce44fd9cb2f9408e9",
        "android_client_info": {
          "package_name": "com.jeva.jeva"
        }
      },
      "oauth_client": [
        {
          "client_id": "224191478860-i65brrl43ui2lr71dem60mfbh0crt043.apps.googleusercontent.com",
          "client_type": 3
        }
      ],
      "api_key": [
        {
          "current_key": "AIzaSyC6nX3CZGnD0tQBCDvgNq-BAHUMzEz_x7k"
        }
      ],
      "services": {
        "appinvite_service": {
          "other_platform_oauth_client": [
            {
              "client_id": "224191478860-i65brrl43ui2lr71dem60mfbh0crt043.apps.googleusercontent.com",
              "client_type": 3
            }
          ]
        }
      }
    }
  ],
  "configuration_version": "1"
}